"filename", "language", "TypeScript", "HTML", "JSON", "Markdown", "CSS", "Log", "vue", "comment", "blank", "total"
"z:\8_code\ai-job-hunting\package.json", "JSON", 0, 0, 1, 0, 0, 0, 0, 0, 0, 1
"z:\8_code\ai-job-hunting\preview.html", "HTML", 0, 11, 0, 0, 0, 0, 0, 0, 1, 12
"z:\8_code\ai-job-hunting\src\app\main.preview.ts", "TypeScript", 63, 0, 0, 0, 0, 0, 0, 0, 12, 75
"z:\8_code\ai-job-hunting\src\app\main.ts", "TypeScript", 28, 0, 0, 0, 0, 0, 0, 0, 6, 34
"z:\8_code\ai-job-hunting\src\core\ai\ai-power.test.ts", "TypeScript", 59, 0, 0, 0, 0, 0, 0, 0, 12, 71
"z:\8_code\ai-job-hunting\src\core\ai\ai-power.ts", "TypeScript", -11, 0, 0, 0, 0, 0, 0, 0, -1, -12
"z:\8_code\ai-job-hunting\src\core\auth\auth.ts", "TypeScript", 3, 0, 0, 0, 0, 0, 0, 0, 0, 3
"z:\8_code\ai-job-hunting\src\core\engine\push-engine.ts", "TypeScript", 1, 0, 0, 0, 0, 0, 0, 0, 0, 1
"z:\8_code\ai-job-hunting\src\core\http\request.ts", "TypeScript", 1, 0, 0, 0, 0, 0, 0, 0, 1, 2
"z:\8_code\ai-job-hunting\src\core\platform\boss-option.ts", "TypeScript", -533, 0, 0, 0, 0, 0, 0, -6, -20, -559
"z:\8_code\ai-job-hunting\src\core\platform\boss-platform.ts", "TypeScript", 13, 0, 0, 0, 0, 0, 0, 0, 0, 13
"z:\8_code\ai-job-hunting\src\core\protocol\mqtt.ts", "TypeScript", -139, 0, 0, 0, 0, 0, 0, -2, -23, -164
"z:\8_code\ai-job-hunting\src\core\realtime\sse-client.ts", "TypeScript", -42, 0, 0, 0, 0, 0, 0, -2, -10, -54
"z:\8_code\ai-job-hunting\src\features\account\components\Account.vue", "vue", 0, 0, 0, 0, 0, 0, 180, 0, 47, 227
"z:\8_code\ai-job-hunting\src\features\ai-config\components\AiConfig.vue", "vue", 0, 0, 0, 0, 0, 0, 267, 0, 50, 317
"z:\8_code\ai-job-hunting\src\features\ai-delivery-judge\components\AiDeliveryJudge.vue", "vue", 0, 0, 0, 0, 0, 0, 28, 0, 3, 31
"z:\8_code\ai-job-hunting\src\features\ai-delivery-judge\components\AiDeliveryJudgeSettingsPanel.vue", "vue", 0, 0, 0, 0, 0, 0, 225, 0, 29, 254
"z:\8_code\ai-job-hunting\src\features\conversation-cleaner\services\conversation-cleaner.test.ts", "TypeScript", 228, 0, 0, 0, 0, 0, 0, 0, 28, 256
"z:\8_code\ai-job-hunting\src\features\conversation-cleaner\services\conversation-cleaner.ts", "TypeScript", 31, 0, 0, 0, 0, 0, 0, 0, 2, 33
"z:\8_code\ai-job-hunting\src\features\job-assistant\components\AiJob.vue", "vue", 0, 0, 0, 0, 0, 0, 50, 0, 91, 141
"z:\8_code\ai-job-hunting\src\features\job-assistant\components\BossMessage.vue", "vue", 0, 0, 0, 0, 0, 0, -328, 0, -11, -339
"z:\8_code\ai-job-hunting\src\features\memory-session\components\MemorySession.vue", "vue", 0, 0, 0, 0, 0, 0, 186, 0, 52, 238
"z:\8_code\ai-job-hunting\src\features\panel\Panel.vue", "vue", 0, 0, 0, 0, 0, 0, 23, 0, 6, 29
"z:\8_code\ai-job-hunting\src\features\preference\components\Preference.vue", "vue", 0, 0, 0, 0, 0, 0, 155, 0, 34, 189
"z:\8_code\ai-job-hunting\src\features\run-record\components\RunRecord.vue", "vue", 0, 0, 0, 0, 0, 0, -84, 0, 51, -33
"z:\8_code\ai-job-hunting\src\shared\utils\ai-delivery.ts", "TypeScript", 7, 0, 0, 0, 0, 0, 0, 0, 1, 8
"z:\8_code\ai-job-hunting\src\shared\utils\message-cache.ts", "TypeScript", -52, 0, 0, 0, 0, 0, 0, -1, -12, -65
"z:\8_code\ai-job-hunting\src\shared\utils\preference.ts", "TypeScript", 62, 0, 0, 0, 0, 0, 0, 0, 8, 70
"z:\8_code\ai-job-hunting\src\shared\utils\tools.ts", "TypeScript", 7, 0, 0, 0, 0, 0, 0, 0, 0, 7
"z:\8_code\ai-job-hunting\src\state\login.ts", "TypeScript", 1, 0, 0, 0, 0, 0, 0, 1, 1, 3
"z:\8_code\ai-job-hunting\src\state\push-result.ts", "TypeScript", 1, 0, 0, 0, 0, 0, 0, 1, 1, 3
"z:\8_code\ai-job-hunting\src\state\user.ts", "TypeScript", 5, 0, 0, 0, 0, 0, 0, 1, 1, 7
"z:\8_code\ai-job-hunting\src\styles\ui-migration.css", "CSS", 0, 0, 0, 0, 88, 0, 0, 1, 14, 103
"z:\8_code\ai-job-hunting\temp\README.md", "Markdown", 0, 0, 0, 55, 0, 0, 0, 0, 23, 78
"z:\8_code\ai-job-hunting\temp\app.80fffb17.css", "CSS", 0, 0, 0, 0, 1, 0, 0, 0, 0, 1
"z:\8_code\ai-job-hunting\temp\boss-ui.80fffb17.css", "CSS", 0, 0, 0, 0, 2, 0, 0, 0, 0, 2
"z:\8_code\ai-job-hunting\temp\http-server.log", "Log", 0, 0, 0, 0, 0, 97, 0, 0, 3, 100
"z:\8_code\ai-job-hunting\temp\zhipin-rendered-noscript.html", "HTML", 0, 3591, 0, 0, 0, 0, 0, 0, 341, 3932
"z:\8_code\ai-job-hunting\temp\zhipin-rendered.html", "HTML", 0, 3673, 0, 0, 0, 0, 0, 0, 329, 4002
"z:\8_code\ai-job-hunting\temp\zhipin-static-noscript.html", "HTML", 0, 28, 0, 0, 0, 0, 0, 4, 32, 64
"z:\8_code\ai-job-hunting\temp\zhipin-static.html", "HTML", 0, 84, 0, 0, 0, 0, 0, 4, 20, 108
"z:\8_code\ai-job-hunting\temp\zp-boss.80fffb17.css", "CSS", 0, 0, 0, 0, 1, 0, 0, 0, 0, 1
"z:\8_code\ai-job-hunting\vite.preview.config.ts", "TypeScript", 26, 0, 0, 0, 0, 0, 0, 0, 7, 33
"Total", "-", -241, 7387, 1, 55, 92, 97, 702, 1, 1129, 9223